Series Name,Series Code,Country Name,Country Code,1990 [YR1990],2000 [YR2000],2014 [YR2014],2015 [YR2015],2016 [YR2016],2017 [YR2017],2018 [YR2018],2019 [YR2019],2020 [YR2020],2021 [YR2021],2022 [YR2022],2023 [YR2023]
GDP (current US$),NY.GDP.MKTP.CD,Afghanistan,AFG,..,3521418059.92345,20497128555.6972,19134221644.7325,18116572395.0772,18753456497.8159,18053222687.4126,18799444490.1128,19955929052.1496,14259995441.0759,14497243872.1337,17233051620.1117
GDP (current US$),NY.GDP.MKTP.CD,Albania,ALB,2028553750,3480355258.04122,13228147516.1168,11386853113.0189,11861199830.8396,13019726211.7369,15379509891.7196,15585105131.0644,15241458744.8688,18032010563.7558,19017242585.7803,23547179830.4413
GDP (current US$),NY.GDP.MKTP.CD,Algeria,DZA,62048507531.3357,54790398570.3282,238942664192.59,187493855609.345,180763839522.151,189880896903.073,194554483655.528,193459662090.677,164873415325.201,186231205262.082,225638456572.143,247626161016.414
GDP (current US$),NY.GDP.MKTP.CD,American Samoa,ASM,..,..,643000000,673000000,671000000,612000000,639000000,647000000,721000000,750000000,871000000,..
GDP (current US$),NY.GDP.MKTP.CD,Andorra,AND,1028989692.06787,1432606188.69324,3271685596.66321,2789881258.50362,2896610479.73077,3000162081.11976,3218419896.9641,3155149347.80639,2891001149.3611,3324647529.381,3380612573.32922,3785067331.7625
GDP (current US$),NY.GDP.MKTP.CD,Angola,AGO,11229515599.3048,9129594970.15301,135966802586.713,90496420506.5957,52761617225.9253,73690154990.7312,79450688259.3664,70897962732.0277,48501561203.5686,66505129987.7235,104399746853.401,84824654481.7249
GDP (current US$),NY.GDP.MKTP.CD,Antigua and Barbuda,ATG,478692592.592593,900551851.851852,1378829629.62963,1437755555.55556,1489692592.59259,1531151851.85185,1661529629.62963,1725351851.85185,1410796296.2963,1601366666.66667,1867733333.33333,2033085185.18518
GDP (current US$),NY.GDP.MKTP.CD,Argentina,ARG,141352630146.731,284203750000,526319673731.638,594749285413.212,557532320662.955,643628393281.364,524819892360.176,447754683615.225,385740508436.965,486564085480.036,632790070063.124,646075277525.125
GDP (current US$),NY.GDP.MKTP.CD,Armenia,ARM,2256863448.77086,1911563668.85006,11609513246.7958,10553337518.414,10546136235.5219,11527458709.0158,12457940694.7395,13619290539.2116,12641698583.2152,13878908628.9378,19513506553.1251,24085749592.3359
GDP (current US$),NY.GDP.MKTP.CD,Aruba,ABW,764804469.273743,1873452513.96648,2790849720.67039,2962907262.56983,2983635195.53073,3092429050.27933,3276184357.5419,3395798882.68156,2481857122.8401,2929446578.25104,3279343543.60416,3648573136.15155
GDP (current US$),NY.GDP.MKTP.CD,Australia,AUS,311426665219.971,416167815092.908,1468265356427.76,1351296372254.31,1206836962281.84,1325582658156.54,1427809041019.44,1392723834562.64,1328414058378.38,1556735770437.26,1690858246994.43,1728057316695.61
GDP (current US$),NY.GDP.MKTP.CD,Austria,AUT,165811372382.912,196181599831.287,438556021078.034,379546097300.633,393687359770.273,414926138132.691,452582294972.775,442983642371.842,434397601557.696,480467037338.783,471773629830.381,511685203845.001
GDP (current US$),NY.GDP.MKTP.CD,Azerbaijan,AZE,8884848484.84848,5272615722.96892,75239785452.1022,53076235354.746,37866996882.9157,40866627351.9817,47112470051.7701,48174235294.1176,42693000000,54825411764.7059,78807470588.2353,72356176470.5882
GDP (current US$),NY.GDP.MKTP.CD,"Bahamas, The",BHS,3166000000,8076470000,10974100000,11671900000,11745100000,12236700000,12615800000,13016200000,9958200000,11368900000,13136400000,14338500000
GDP (current US$),NY.GDP.MKTP.CD,Bahrain,BHR,4809511005.31915,9062898936.17021,34772526595.7447,32523297872.3404,33884680851.0638,37204813829.7872,39567978723.4043,40446808510.6383,35837632978.7234,40840212765.9574,46680398936.1702,46079867021.2766
GDP (current US$),NY.GDP.MKTP.CD,Bangladesh,BGD,31598340778.2164,53369787318.6245,172886611653.786,195146608978.131,265224515675.034,293732446624.596,321362752441.78,351231654603.692,373979442362.193,416271647911.014,460131688909.301,437415331040.994
GDP (current US$),NY.GDP.MKTP.CD,Barbados,BRB,2012131457.26644,3059500000,5365976700,5288057750,5330761500,5517340450,5629916200,5788288000,5168344450,5275242050,6257303500,6720733200
GDP (current US$),NY.GDP.MKTP.CD,Belarus,BLR,17389558232.9317,12736780455.1539,78812805039.0743,56454889146.6088,47723545321.259,54725302249.8088,60031173807.7196,64410122847.3508,61371755326.2351,69673747131.87,73775179924.603,71857382745.6066
GDP (current US$),NY.GDP.MKTP.CD,Belgium,BEL,205331747947.851,236792460312.471,537987419164.351,461044767544.531,474271566739.729,500908767351.53,542638913427.921,536726344405.489,529694473501.791,598494036474.409,593438820508.173,644782756682.756
GDP (current US$),NY.GDP.MKTP.CD,Belize,BLZ,547150000,1138900000,2138250000,2193050000,2240200000,2266300000,2293250000,2388300000,2042850000,2420550000,2846700000,3066850000
GDP (current US$),NY.GDP.MKTP.CD,Benin,BEN,1959965330.14765,3519991440.47913,13284527850.2632,11388160997.1089,11821065852.1271,12701655845.9612,14262408079.7014,14391686309.033,15651545208.8783,17690083519.9323,17401746309.2655,19676049075.7011
GDP (current US$),NY.GDP.MKTP.CD,Bermuda,BMU,1592400000,3480219000,6413988000,6654541000,6899911000,7142316000,7225977000,7423465000,6887147000,7286607000,7827980000,8141700000
GDP (current US$),NY.GDP.MKTP.CD,Bhutan,BTN,287765007.112863,460733418.399276,2089079570.67546,2187815803.82922,2357504760.5975,2591358009.79792,2583335721.20625,2735683570.28851,2457604334.15915,2768802959.60794,2898227743.13545,..
GDP (current US$),NY.GDP.MKTP.CD,Bolivia,BOL,4867582597.51312,8397855484.76908,32996188012.5599,33000198248.1292,33941126200.0606,37508642165.3366,40287647930.4761,40895322843.7851,36629843805.0216,40406111695.179,44008282877.9606,45135398008.8166
GDP (current US$),NY.GDP.MKTP.CD,Bosnia and Herzegovina,BIH,7753478260.86957,5567772768.81188,18558733564.4692,16404348871.4437,17116926327.6247,18326373366.1105,20484053868.9246,20482608755.379,20226036564.4129,23672712242.2149,24534663636.1778,27514782476.0406
GDP (current US$),NY.GDP.MKTP.CD,Botswana,BWA,3790636324.44775,5788329609.15755,15470088500.7414,13530748844.505,15082637184.0496,16105155856.7708,17031943186.1353,16725908148.5481,14960291105.9316,18750946600.1423,20321958850.0363,19396084498.0084
GDP (current US$),NY.GDP.MKTP.CD,Brazil,BRA,464989098144.854,655448231983.527,2456043727198.85,1802212206904.68,1795693482652.52,2063514977334.32,1916933898038.36,1873288205186.45,1476107231194.11,1670647399034.67,1951923942083.32,2173665655937.27
GDP (current US$),NY.GDP.MKTP.CD,British Virgin Islands,VGB,..,..,..,..,..,..,..,..,..,..,..,..
GDP (current US$),NY.GDP.MKTP.CD,Brunei Darussalam,BRN,6039881086.68157,6570999059.70575,17097797371.9718,12930296852.4882,11400266055.3232,12128168046.7827,13566908401.1864,13469235348.2211,12005799664.2691,14006496614.3195,16681536442.5498,15128292980.8638
GDP (current US$),NY.GDP.MKTP.CD,Bulgaria,BGR,20632090909.0909,13245990274.4581,57157782909.9307,50811995688.6771,53964253211.84,59309748166.1179,66289266348.6504,68631726289.2794,70716821234.5967,84417951260.8091,90642851835.8996,102407653020.606
GDP (current US$),NY.GDP.MKTP.CD,Burkina Faso,BFA,3101300778.56414,2968370087.59759,13943016076.7436,11832159315.6298,12833363045.3367,14106955615.3442,15890066221.2882,16032813503.3707,17725010532.5268,19697516284.3787,18820218690.5948,20324617844.5265
GDP (current US$),NY.GDP.MKTP.CD,Burundi,BDI,1132101252.51817,870486065.883137,2705783329.80483,3104003546.26497,2644487776.50077,2723586962.84034,2667182199.51333,2576518879.82353,2649680261.44299,2775798697.46022,3338722827.65691,2642161668.85211
GDP (current US$),NY.GDP.MKTP.CD,Cabo Verde,CPV,306890962.649533,539227277.626411,2041930125.42979,1749857620.35329,1849789992.7426,1996741544.61574,2205099509.15987,2252177133.74705,1821565617.6945,2051842609.64558,2247003347.63376,2533819406.4916
GDP (current US$),NY.GDP.MKTP.CD,Cambodia,KHM,1402541176.5121,3694168979.32019,22041463967.9009,24174170369.0738,26556545153.3573,29355665909.7905,33145892168.8958,36685356407.7206,34818073901.4851,36790163687.4421,39994532959.6074,42335646895.7984
GDP (current US$),NY.GDP.MKTP.CD,Cameroon,CMR,12314482627.8454,10566579294.9831,36386544706.0806,32210233020.4569,33814337044.3765,36098547033.1655,39955552189.795,39667757527.6578,40773241177.0505,45011937346.8384,44347206072.5513,49279410982.826
GDP (current US$),NY.GDP.MKTP.CD,Canada,CAN,596075591360.987,744773415931.587,1805749878439.94,1556508816217.14,1527994741907.43,1649265644244.09,1725329192783.02,1743725183672.52,1655684730000.19,2007472181464.15,2161483369422.01,2142470914401.36
GDP (current US$),NY.GDP.MKTP.CD,Cayman Islands,CYM,..,..,4562853611.41445,4708167232.66893,4909322237.28895,5166281305.12522,5530178440.71376,5941896607.58643,5655358021.43209,6060026520.10608,6600843963.37585,7139428557.71423
GDP (current US$),NY.GDP.MKTP.CD,Central African Republic,CAF,1440711459.16967,916777282.691659,1894813389.40325,1695825714.19282,1825018144.65595,2072349972.6818,2220979146.11241,2221301351.43918,2326720900.38047,2516498412.46384,2382618615.01694,2555492085.24831
GDP (current US$),NY.GDP.MKTP.CD,Chad,TCD,1738605557.76313,1388506771.58756,13940767218.5849,10950392256.9543,10097778098.1707,10000394381.0177,11239167898.3395,11314951091.7283,10715396042.3343,11779981332.8631,12396807588.4082,13149325362.3347
GDP (current US$),NY.GDP.MKTP.CD,Channel Islands,CHI,..,6439703434.71024,10528493035.477,10109968846.9524,9169278192.53124,9170079925.78986,10026153344.8196,10032440928.3488,9439810775.67214,11157002972.5829,11308300346.3725,12507927144.1342
GDP (current US$),NY.GDP.MKTP.CD,Chile,CHL,33137824762.0173,78339750721.7352,259560978231.552,242450355827.827,249344863933.461,276154259987.103,295857562991.709,278285058719.466,254042159309.311,315515014838.539,302116539409.03,335533331669.219
GDP (current US$),NY.GDP.MKTP.CD,China,CHN,360857912565.966,1211331651866.09,10475624944355.2,11061572618578.7,11233313730348.7,12310491333980.9,13894907857880.6,14279968506271.7,14687744162801,17820459508852.2,17881782683707.3,17794783039552
GDP (current US$),NY.GDP.MKTP.CD,Colombia,COL,47844090709.9908,99875074951.0278,381240864422.407,293492370193.166,282720100286.228,311866875156.879,334198218098.276,323031701192.84,270348342541.465,318524633225.395,345329875078.512,363493841244.303
GDP (current US$),NY.GDP.MKTP.CD,Comoros,COM,429622177.724885,351136579.648632,1149587661.00693,966029600.862227,1012835493.19325,1077439756.59451,1188797449.38584,1195019531.9011,1225039196.61091,1296089479.91978,1242519407.77603,1352380971.24055
GDP (current US$),NY.GDP.MKTP.CD,"Congo, Dem. Rep.",COD,9349764580.41173,19088046305.7971,35909040925.9375,37917706497.1793,37134801555.3322,38019264794.8263,47568210009.8172,51775829877.2088,48716961860.1325,55328482783.5393,65801547619.5815,66383287002.9867
GDP (current US$),NY.GDP.MKTP.CD,"Congo, Rep.",COG,2798746050.11354,3227927697.57921,17919321078.0284,12434793867.3568,10931328150.8478,11834473039.3645,14773900288.5135,13976637779.9763,11468687464.0046,14825690210.9157,15817030154.6941,15321055822.5167
GDP (current US$),NY.GDP.MKTP.CD,Costa Rica,CRI,5711687786.75989,15013629661.8969,52016408854.2658,56441920820.5194,58847019609.6549,60516044656.5206,62420164991.5374,64417670521.3545,62395610760.0492,64960725734.1965,69243626028.5936,86497941439.0174
GDP (current US$),NY.GDP.MKTP.CD,Cote d'Ivoire,CIV,10795850582.779,16577533891.8785,48843005613.7091,45815005169.2651,48407761036.8238,52512343996.69,58522477786.6889,60382894697.3557,63027852805.4204,72794636653.7793,70173140101.4315,78875489245.0538
GDP (current US$),NY.GDP.MKTP.CD,Croatia,HRV,25650213279.6781,22134411297.473,59612144078.4133,51005200669.6941,52654855638.1057,56186190437.9959,61668130122.5878,61467582193.6824,57963370885.0798,69006802298.6956,71198635101.9514,84393795502.4421
GDP (current US$),NY.GDP.MKTP.CD,Cuba,CUB,28645436569.1489,30565400000,80656100000,87132800000,91370407863.7,96850649691.7406,100050036096.123,103427600000,107351800000,..,..,..
GDP (current US$),NY.GDP.MKTP.CD,Curacao,CUW,..,2120511229.05028,3059406983.24022,3058779217.87709,3024690167.59777,3033433240.22346,3046364804.46927,3026124134.07821,2534327597.76536,2739608156.42458,3075180834.72417,3281419347.37053
GDP (current US$),NY.GDP.MKTP.CD,Cyprus,CYP,5591130217.66965,9985847313.85485,23225918259.9824,19909278416.8575,21046462280.5979,22946570628.7576,25754001367.5448,26196667099.5303,25555093854.2968,30372874319.6285,30976176886.8521,33886930712.3394
GDP (current US$),NY.GDP.MKTP.CD,Czechia,CZE,41016881802.4843,62175642238.0847,210911285077.683,189107698561.919,198160659303.939,221563575696.217,251992360762.236,256794209028.77,251109660602.536,290972714482.313,301831228325.556,343207874553.734
GDP (current US$),NY.GDP.MKTP.CD,Denmark,DNK,138217740684.484,164043817223.59,352832602064.452,301758922337.637,312181849372.233,331610593961.988,355293374912.393,345401473012.615,355631021931.621,408378204639.999,401945576107.963,407091920305.404
GDP (current US$),NY.GDP.MKTP.CD,Djibouti,DJI,452328087.282876,551230861.856505,2214679081.25658,2424391785.43897,2604955228.70117,2762581334.22612,2913466732.12507,3088853638.56832,3185150981.03207,3385825228.86997,3674298479.07676,4098530513.55777
GDP (current US$),NY.GDP.MKTP.CD,Dominica,DMA,201429629.62963,333470370.37037,520429629.62963,540737037.037037,576229629.62963,521551851.851852,554770370.37037,611537037.037037,504214814.814815,555266666.666667,607159259.259259,653992592.592593
GDP (current US$),NY.GDP.MKTP.CD,Dominican Republic,DOM,7073675544.79021,24305780628.6677,67179955677.2791,71164826836.5281,75704647877.6559,79998046305.79,85555390139.118,88941372558.2397,78844656298.1776,94243425938.3647,113537368176.13,121444279313.931
GDP (current US$),NY.GDP.MKTP.CD,Ecuador,ECU,15239272611.5809,17539454727.3637,102717794000,97209558000,97671433000,104467486000,107478962000,107595829000,95865472000,107435101000,116586079000,118844826000
GDP (current US$),NY.GDP.MKTP.CD,"Egypt, Arab Rep.",EGY,42978914311.3504,99838543960.0763,305595408895.265,329366576819.407,332441717791.411,248362771739.13,262588632526.73,318678815489.749,383817841547.099,424671765455.704,476747720364.742,396002496996.96
GDP (current US$),NY.GDP.MKTP.CD,El Salvador,SLV,4817542204,11784927700,22593470000,23438240000,24191430000,24979190000,26020850000,26881140000,24921190000,29043140000,31988920000,34015620000
GDP (current US$),NY.GDP.MKTP.CD,Equatorial Guinea,GNQ,112119411.489965,1045998496.43872,21765453081.9826,13185496881.0174,11240808847.8878,12200913878.9827,13097012133.6159,11364133549.7478,9893816007.7398,12215878032.7166,13687643435.6249,12337550583.754
GDP (current US$),NY.GDP.MKTP.CD,Eritrea,ERI,..,706370815.584416,..,..,..,..,..,..,..,..,..,..
GDP (current US$),NY.GDP.MKTP.CD,Estonia,EST,..,5686579747.53524,27055689003.0038,23311847750.9394,24561027787.7896,27469461919.1189,31222632740.7247,31873748770.0313,31820771493.8974,37204563051.4723,38376046174.971,41291245222.1948
GDP (current US$),NY.GDP.MKTP.CD,Eswatini,SWZ,1114694040.66987,1738093840.36607,4250545460.94523,3878174403.5524,3705918654.13708,4437538381.32249,4659474399.74018,4594818143.27624,4105756862.55271,4737671576.32851,4695372785.0814,4442875788.08505
GDP (current US$),NY.GDP.MKTP.CD,Ethiopia,ETH,12478943895.1691,8242349617.8638,55612228233.5179,64589328550.5953,74296745207.8721,81770886825.6048,84269196625.8784,95912607722.3032,107657734392.446,111261882958.426,126772703047.701,163697927593.982
GDP (current US$),NY.GDP.MKTP.CD,Faroe Islands,FRO,960805408.949872,1067109530.64798,2914012679.27277,2573905971.05459,2813278868.78208,2980057377.87967,3188600927.46688,3266432734.22819,3271813311.5831,3664686796.62669,3566698397.6602,3907323961.33964
GDP (current US$),NY.GDP.MKTP.CD,Fiji,FJI,1337017559.49728,1678219507.89829,4857104791.41609,4682479912.05203,4930213634.35692,5353469171.0611,5581425324.91185,5444407214.31758,4432466237.09588,4305031630.81808,4969503560.7735,5442046565.04719
GDP (current US$),NY.GDP.MKTP.CD,Finland,FIN,141446120354.533,125967821110.589,273478528954.901,233210733506.25,238777818792.608,253846138440,273869255596.078,267014821129.411,270000311606.226,294223210496.119,280241515774.32,295532341254.907
GDP (current US$),NY.GDP.MKTP.CD,France,FRA,1257649439826.53,1360959069477.49,2861236112552.42,2442483452642.5,2470407619777.13,2588868323334.71,2781576320884.39,2722793515171.76,2647926055110.05,2966433692008.09,2796302210398.84,3051831611384.76
GDP (current US$),NY.GDP.MKTP.CD,French Polynesia,PYF,3320159522.36546,3599845480.34359,6151996560.84289,5325846361.81186,5497036476.8031,5833352692.7995,6135116253.33452,6022276196.13871,5792545870.80614,6150640646.38319,5814661208.90544,..
GDP (current US$),NY.GDP.MKTP.CD,Gabon,GAB,5952293764.84777,5080483628.53013,18203966895.8433,14383107762.6952,14023890265.3665,14929487485.1623,16867326401.9626,16874405465.391,15342236163.9864,19444935097.2395,20440655695.1804,19388402541.6698
GDP (current US$),NY.GDP.MKTP.CD,"Gambia, The",GMB,317083695.477797,782913871.80966,1229461721.40861,1378176608.93204,1484578885.97132,1504909462.69521,1670671327.81651,1813609692.49994,1812170891.19069,2014158842.14596,2204734527.88096,2396111021.64149
GDP (current US$),NY.GDP.MKTP.CD,Georgia,GEO,7735927263.59261,3057475335.18846,17966015109.3043,15223796148.8396,15444548901.9637,16473125375.0684,17902544880.6471,17638337116.9126,16010869215.68,18853115588.8106,24984568959.605,30777833585.4441
GDP (current US$),NY.GDP.MKTP.CD,Germany,DEU,1778162195860.07,1966980701145.1,3965800686309.79,3423568450957.03,3537784107980.55,3763092263752.95,4052008447223.53,3957208055215.68,3940142541354.1,4348297440387.53,4163596357879.39,4525703903627.53
GDP (current US$),NY.GDP.MKTP.CD,Ghana,GHA,5889106573.46088,4982850662.20851,54783319817.3705,49406010054.2663,56164929304.8754,60405924078.7278,67298914624.3723,68337969247.7067,70043099675.68,79524421861.2743,74263364041.8742,76370396722.154
GDP (current US$),NY.GDP.MKTP.CD,Gibraltar,GIB,..,..,..,..,..,..,..,..,..,..,..,..
GDP (current US$),NY.GDP.MKTP.CD,Greece,GRC,96529587274.2906,125760166224.805,233911581521.062,194567373678.099,193097239005.87,200381103984.298,213298873494.394,207305649887.019,191362985554.861,218303801895.326,218880566444.349,243498333237.802
GDP (current US$),NY.GDP.MKTP.CD,Greenland,GRL,1018977280.32928,1068025016.00862,2842065708.35962,2499113022.81675,2707139544.46695,2851613679.03433,3055782146.15957,2997309971.87623,3082884653.2456,3235809504.29871,..,..
GDP (current US$),NY.GDP.MKTP.CD,Grenada,GRD,278098762.962963,520044370.37037,911496296.296296,997007407.407407,1061640740.74074,1125685185.18519,1166514814.81481,1213485185.18519,1043411111.11111,1122800000,1224577777.77778,1316733333.33333
GDP (current US$),NY.GDP.MKTP.CD,Guam,GUM,..,..,5610000000,5799000000,5901000000,6013000000,6051000000,6355000000,5916000000,6234000000,6910000000,..
GDP (current US$),NY.GDP.MKTP.CD,Guatemala,GTM,7650196845.21546,19288929030.0508,57852153058.502,62186064718.7424,66053403469.0024,71653754066.2763,73328365862.4329,77172317258.6478,77719464220.73,86478835636.3813,95630524813.106,104450210572.012
GDP (current US$),NY.GDP.MKTP.CD,Guinea,GIN,3888320665.52218,4367458866.71537,8778473372.82124,8794201742.84609,8595955222.49719,10324668271.1362,11857030366.7891,13442861496.4454,14088693742.9464,17069115737.8259,19910452541.9219,22199409741.2578
GDP (current US$),NY.GDP.MKTP.CD,Guinea-Bissau,GNB,634187269.235013,391345597.488269,1135250721.0374,1152384166.79638,1245074264.10396,1469978606.12143,1554133593.91699,1588638853.59328,1646400349.84867,1853796455.89489,1796608530.82267,2048348108.35852
GDP (current US$),NY.GDP.MKTP.CD,Guyana,GUY,396582263.291139,712667896.727512,4127660151.8087,4279840193.7046,4482697336.56174,4748174334.14044,4787636997.85343,5173760191.84652,5471256594.72422,8041363893.04556,14718387016.7866,17159509565.4676
GDP (current US$),NY.GDP.MKTP.CD,Haiti,HTI,3096289800,6813566098.8675,15146883497.6331,14849629308.6025,14069277526.2278,15093357161.1498,16403864617.8458,15016090929.5125,14508222518.3018,20877414952.6375,20253551920.5516,19850829757.5418
GDP (current US$),NY.GDP.MKTP.CD,Honduras,HND,4923009551.55642,7186638029.05875,19756533971.8698,20979791685.416,21717604952.1835,23136247990.5977,24067750760.499,24882225741.8119,23352232483.755,28144331506.6149,31426041806.7985,34400509852.0436
GDP (current US$),NY.GDP.MKTP.CD,"Hong Kong SAR, China",HKG,76928784620.8158,171668891194.349,291459995978.893,309385622601.348,320860317562.562,341273289534.466,361731070995.726,363074545072.389,344943149590.058,368954169748.818,358681066274.469,380812234827.832
GDP (current US$),NY.GDP.MKTP.CD,Hungary,HUN,34365891768.6878,47218405892.4258,141033843265.669,125174166987.372,128609822750.039,143112196040.326,160565642983.587,164020460331.659,157288955508.176,182109999477.691,177006128624.627,212388906458.724
GDP (current US$),NY.GDP.MKTP.CD,Iceland,ISL,6468736355.55678,9025660361.75842,17867662177.8911,17517210519.0912,20793168030.9524,24728285177.4603,26260850582.0687,24681343649.2952,21629953194.0659,25825287184.3818,28770206626.5564,31325116556.3807
GDP (current US$),NY.GDP.MKTP.CD,India,IND,320979026420.035,468395521654.458,2039126479154.52,2103588360044.94,2294796885663.16,2651474262755.45,2702929641648.74,2835606256558.19,2674851578587.27,3167270623260.47,3353470496886.33,3567551674623.01
GDP (current US$),NY.GDP.MKTP.CD,Indonesia,IDN,106140727333.636,165021012077.81,890814755511.014,860854232717.718,931877364034.196,1015618744168.08,1042271532953.49,1119099871385.79,1059054842711.55,1186509691070.97,1319076267291.51,1371171152331.16
GDP (current US$),NY.GDP.MKTP.CD,"Iran, Islamic Rep.",IRN,124813263926.226,109591707801.431,462284793280.825,409191686496.677,459042684192.698,489168731811.147,398880231367.268,333519146339.191,262186179355.944,383436202446.695,394362621793.035,404625655204.619
GDP (current US$),NY.GDP.MKTP.CD,Iraq,IRQ,180408064516.129,48364250943.9051,228415656174.957,166774104959.102,166743557747.671,187217660050.676,227367469034.031,233636097800.338,180898797516.874,209691945713.103,286640340965.517,250842782139.464
GDP (current US$),NY.GDP.MKTP.CD,Ireland,IRL,49305632408.4929,100207610429.909,266787238499.03,302391428540.035,305733136180.907,348532394023.595,395461216460.418,407124824064.995,436555518400.451,531306516907.984,548570250341.987,551394889339.778
GDP (current US$),NY.GDP.MKTP.CD,Isle of Man,IMN,761514559.659091,1601050083.21985,7708454412.32126,7084800892.22284,6846377563.00683,6979788333.50279,7491649455.92717,7314967866.28289,6684225641.02564,7931193222.06405,..,..
GDP (current US$),NY.GDP.MKTP.CD,Israel,ISR,61905208272.8464,136225025139.185,314090281098.682,302722655203.465,320958936788.842,357227098125.658,375149611117.199,399651065197.871,411728563086.632,489708278893.053,525000415276.678,513611100815.691
GDP (current US$),NY.GDP.MKTP.CD,Italy,ITA,1183945130898.51,1149661363439.38,2173255507985.84,1845428048839.1,1887111188176.93,1970720904584.71,2099435266458.67,2019606796583.53,1907481094079.23,2179207773596.09,2102995942720.44,2300941152991.81
GDP (current US$),NY.GDP.MKTP.CD,Jamaica,JAM,4592208086.69235,9005064474.93003,13899217721.6818,14188936958.4343,14077096714.1279,14808985171.3441,15730792835.5811,15830766570.7266,13812421803.4084,14657586127.0331,17097760723.9201,19423355409.2316
GDP (current US$),NY.GDP.MKTP.CD,Japan,JPN,3185904656663.85,4968359075956.59,4896994405353.29,4444930651964.18,5003677627544.24,4930837369151.42,5040880939324.86,5117993853016.51,5055587093501.59,5034620784584.98,4256410760723.75,4204494802431.55
GDP (current US$),NY.GDP.MKTP.CD,Jordan,JOR,4160087507.83472,8460789844.8519,36847643521.1268,38587017887.3239,39892551126.7606,41608435915.493,43370860704.2254,44503006338.0282,43700383098.5916,46296100140.8451,48764963380.2817,50967475352.1127
GDP (current US$),NY.GDP.MKTP.CD,Kazakhstan,KAZ,26932016269.6107,18291990662.0356,221415613595.469,184388404706.042,137278320084.171,166805788827.233,179339977690.485,181667184854.501,171082365861.423,197112255360.612,225496328925.494,262641892078.524
GDP (current US$),NY.GDP.MKTP.CD,Kenya,KEN,8572359038.16958,12705350097.8044,68285796514.2896,70120446896.8359,74815144163.8931,82036510877.2599,92202979985.2863,100378436207.371,100657505750.545,109703658904.994,114448978152.637,108038588970.595
GDP (current US$),NY.GDP.MKTP.CD,Kiribati,KIR,36534294.7991591,74910555.2512264,200287275.559653,191559398.175292,206467834.045145,222875724.653979,233514703.710292,216985362.338171,223123620.597516,289339292.157301,270841698.369345,279208903.337644
GDP (current US$),NY.GDP.MKTP.CD,"Korea, Dem. People's Rep.",PRK,..,..,..,..,..,..,..,..,..,..,..,..
GDP (current US$),NY.GDP.MKTP.CD,"Korea, Rep.",KOR,283365844161.092,576179387819.613,1484488526271.8,1466038936206.43,1499679823909.61,1623074183501.9,1725373496825.43,1651422932447.77,1644312831906.17,1818432106880.04,1673916511799.71,1712792854202.37
GDP (current US$),NY.GDP.MKTP.CD,Kosovo,XKX,..,..,7074394734.88431,6295848422.71573,6682677289.98994,7180764703.35718,7878759714.82322,7899737577.47286,7717145217.81247,9413403724.01899,9354903061.8898,10468219225.4869
GDP (current US$),NY.GDP.MKTP.CD,Kuwait,KWT,18427777777.7778,37718743480.0751,162650450784.686,114585555830.916,109406674087.947,120687539675.517,138646316321.596,140856394870.02,111045470461.207,148459291453.471,183940215065.171,163704878875.85
GDP (current US$),NY.GDP.MKTP.CD,Kyrgyz Republic,KGZ,2660202622.91006,1369688498.06778,7468102412.68237,6678177511.66313,6813095379.1187,7702938379.42036,8271106235.41552,9371275264.36735,8270468614.24051,9249133946.26531,12134931017.9465,13987627908.8381
GDP (current US$),NY.GDP.MKTP.CD,Lao PDR,LAO,865559879.400406,1731198022.46763,13279245886.3854,14426380125.6488,15912501722.6143,17071155481.4994,18141641089.7963,18740561512.5555,18981805250.2424,18827148530.9347,15468785203.7532,15843155731.2552
GDP (current US$),NY.GDP.MKTP.CD,Latvia,LVA,..,7761252607.18424,30277203767.4058,26344565876.8902,27117105059.5075,29391059767.4259,33247935477.3576,33099503950.847,33379927434.6149,38185125732.9451,38018905782.397,42247850064.5125
GDP (current US$),NY.GDP.MKTP.CD,Lebanon,LBN,2838485353.96187,17260364842.4544,48095213746.6003,49929337836.8159,51147308774.1294,53027680685.9038,54901519155.5556,51605959131.2741,31712128253.7961,23131941556.7843,20992421948.8081,..
GDP (current US$),NY.GDP.MKTP.CD,Lesotho,LSO,596410263.743849,887291687.920796,2441063054.05792,2359686724.53829,2114426452.2019,2306741672.29006,2556247291.99785,2390702295.82777,2053699870.07191,2412130056.55851,2354683088.71995,2117962450.79469
GDP (current US$),NY.GDP.MKTP.CD,Liberia,LBR,384400000,874000000,3225652000,3227075700,3398419600,3390703400,3422754800,3319596500,3176126300,3513049500,4001047000,4240000000
GDP (current US$),NY.GDP.MKTP.CD,Libya,LBY,28904183602.4818,38270954138.1128,57372355592.022,48717501321.3052,49912073701.298,67157452181.7738,76686029772.1483,69254496471.6938,46854285440.642,35217995647.2862,43246297921.8499,45096462972.4014
GDP (current US$),NY.GDP.MKTP.CD,Liechtenstein,LIE,1421509216.37424,2483889858.32312,6657526979.72277,6268515276.17441,6237302033.50132,6474308717.85289,6692620691.84146,6436467007.11932,6405870210.32293,7710380085.92257,7361504432.19331,..
GDP (current US$),NY.GDP.MKTP.CD,Lithuania,LTU,..,11550695727.2335,48306546656.9281,41540954817.2039,42970749245.0336,47756764508.446,54261795148.5372,55122066225.796,57412038533.2718,67037321008.9679,71033884499.7824,79789877416.1681
GDP (current US$),NY.GDP.MKTP.CD,Luxembourg,LUX,12778792853.6939,21230182989.3036,68804811897.6445,60071584216.1375,62216885435.9488,65712180342.9836,71000359760.4611,69890505323.5842,73699366700.2134,85584105993.8746,81641807865.7591,85755006123.5976
GDP (current US$),NY.GDP.MKTP.CD,"Macao SAR, China",MAC,3246481233.24397,6774193548.3871,54902831793.5018,45048190598.3249,45070808688.9611,50383871120.8733,55190661339.7796,55082293844.1008,25343525935.8358,30969334705.0515,24999113475.8368,45803067940.4072
GDP (current US$),NY.GDP.MKTP.CD,Madagascar,MDG,3931334875.01376,4629247203.84524,12522957399.2281,11323020701.3017,11848613858.442,13176313593.5509,13760033282.2925,14104664678.5063,13051441203.9474,14554754116.5427,15134700203.0497,15790113246.7478
GDP (current US$),NY.GDP.MKTP.CD,Malawi,MWI,2737087861.62245,2537307580.32808,8801326169.14547,9219474379.31534,7909868618.46366,8943543793.5839,9879231591.52434,11051865579.8121,11769313597.8545,12378129750.9872,12429060150.742,12712150082.0792
GDP (current US$),NY.GDP.MKTP.CD,Malaysia,MYS,44024585239.6137,93789736842.1053,338066095097.254,301355266964.947,301256033870.334,319109094160.343,358788845712.53,365177721021.516,337456163961.211,373784823672.946,407605841348.235,399705169318.477
GDP (current US$),NY.GDP.MKTP.CD,Maldives,MDV,215043969.849246,624337145.284622,3697353039.20043,4129505319.12921,4409942623.85538,4816426256.52914,5404344162.69888,5726094799.37709,3712604583.36665,5252457369.55218,6177118113.94637,6590894301.9579
GDP (current US$),NY.GDP.MKTP.CD,Mali,MLI,2681912148.69842,2961484953.86444,14364937124.0727,13104764378.326,14026048335.7047,15365713048.1993,17070867589.9055,17280250810.0321,17465392764.3706,19309463508.0377,18780322203.7584,20661794596.0873
GDP (current US$),NY.GDP.MKTP.CD,Malta,MLT,2547330219.20136,4036810072.08739,11888032872.432,11340795041.8065,12025782834.3596,14161366723.6779,16153779511.1559,16337793530.7788,16385919535.6742,19718565605.433,19209979975.2323,22328640241.5553
GDP (current US$),NY.GDP.MKTP.CD,Marshall Islands,MHL,78476000,114838500,186000000,183700000,201800000,213700000,220000000,232900000,241800000,258900000,253400000,259300000
GDP (current US$),NY.GDP.MKTP.CD,Mauritania,MRT,1506914407.82047,1779520886.47015,6592537781.81518,6166863896.68677,6398747592.13185,6800135898.28827,7473550557.07378,7894764885.82312,8260752385.23089,9222536364.01272,9557966698.25369,10651709411.4594
GDP (current US$),NY.GDP.MKTP.CD,Mauritius,MUS,2689212760.18576,4726108622.47661,13074129952.0532,12007291045.6489,12594155464.4136,13713506130.6081,14735695930.9727,14436346979.6355,11408106446.3144,11484348857.8529,12927979286.0453,14644524819.0054
GDP (current US$),NY.GDP.MKTP.CD,Mexico,MEX,261253675692.838,742061329643.37,1364507717614.13,1213294467716.88,1112233497452.7,1190721475906,1256300182879.73,1304106203694.81,1121064767261.88,1316569466932.59,1464312692331.58,1789114434843.46
GDP (current US$),NY.GDP.MKTP.CD,"Micronesia, Fed. Sts.",FSM,147200000,233271800,319271200,316489900,325000000,359000000,392000000,394000000,372000000,390000000,430000000,460000000
GDP (current US$),NY.GDP.MKTP.CD,Moldova,MDA,3592857043.05057,1288429391.79951,9402090137.7423,7797667196.73087,7980917075.7748,9514404016.20949,11252353420.8798,11736797054.6965,11530746234.4492,13691869264.0794,14510490660.2516,16539436547.295
GDP (current US$),NY.GDP.MKTP.CD,Monaco,MCO,2481307077.10989,2654462665.26893,7070017323.65476,6264756528.37691,6471290793.55029,6430254652.58934,7184333936.01355,7383496254.23721,6730736282.78961,8623242743.29564,8800430486.17137,9995350547.12166
GDP (current US$),NY.GDP.MKTP.CD,Mongolia,MNG,2560785660,1136896123.61298,12226514668.0622,11619892590.6941,11181350649.3573,11480847740.736,13178094720.4986,14206359017.5143,13312981429.0891,15286441737.6686,17146471713.748,20325121393.9074
GDP (current US$),NY.GDP.MKTP.CD,Montenegro,MNE,..,984293043.811565,4593853290.963,4054730077.57718,4376930578.32395,4856599480.79882,5506942238.35668,5542054181.12616,4769996866.00758,5861427505.12493,6229801580.79157,7530593375.22034
GDP (current US$),NY.GDP.MKTP.CD,Morocco,MAR,30179954774.9899,43017455401.8445,119130841411.664,110413823841.592,111572947004.917,118540573367.844,127341147581.818,128920266409.458,121353645057.144,142022058447.231,130951926351.241,144417103249.646
GDP (current US$),NY.GDP.MKTP.CD,Mozambique,MOZ,..,5930685214.61595,17978246586.0662,16208985769.615,12069051237.1711,13264640645.7768,15017358952.8452,15512759046.672,14235420174.1884,16168055475.4449,18883528581.3734,20954220983.5473
GDP (current US$),NY.GDP.MKTP.CD,Myanmar,MMR,2115193513.29556,8905066163.58643,65531374199.6742,59607290407.5944,63298361996.2153,66053040483.0016,67860515989.517,75065106227.6892,79006113643.1906,66345291160.1683,62253049891.6449,66757619000
GDP (current US$),NY.GDP.MKTP.CD,Namibia,NAM,2789921853.53112,3922232164.83175,12435430969.6301,11335161083.5061,10722018732.0936,12895153370.9132,13682019076.4022,12541928303.48,10583748541.5258,12402486183.6396,12567271004.6761,12351025066.9131
GDP (current US$),NY.GDP.MKTP.CD,Nauru,NRU,55572375.5290496,26930980.3429002,98752257.0453222,84383388.6448573,97276023.0784346,108862278.516511,130937589.753517,124871111.377973,124530027.301054,175513984.500084,156803087.302496,154170289.321861
GDP (current US$),NY.GDP.MKTP.CD,Nepal,NPL,3627560239.48997,5494252207.90502,22731612922.1906,24360801286.7638,24524109483.5293,28971588940.364,33111525237.149,34186180699.0255,33433659301.2466,36924841394.2605,41182939600.67,40908073366.8455
GDP (current US$),NY.GDP.MKTP.CD,Netherlands,NLD,318799003993.707,417649282153.726,901556501756.467,775743675302.734,797163949289.885,848233537845.884,929733599796.862,928903005576.469,932560861701.17,1054472123449.6,1046540797548.64,1154361305398.06
GDP (current US$),NY.GDP.MKTP.CD,New Caledonia,NCL,2529440424.16648,3420032041.07385,10635035594.7528,8738203074.3957,8724568954.89799,9174048681.98577,9896402283.68587,9475655324.59495,9454629467.91408,10071349663.8484,9623318718.31459,..
GDP (current US$),NY.GDP.MKTP.CD,New Zealand,NZL,45495129385.0475,52623281956.7031,201337554959.49,178104220784.881,188898209220.167,206566916732.292,211846555690.736,212846907683.439,212697530897.56,253644079784.977,246733522841.353,252175506110.168
GDP (current US$),NY.GDP.MKTP.CD,Nicaragua,NIC,1009455476.10732,5109587049.97449,11880433902.9361,12756685550.3389,13286101094.3863,13785924216.2724,13025234820.8225,12699028889.666,12681569254.2815,14144060853.1362,15649897116.8965,17829218219.3591
GDP (current US$),NY.GDP.MKTP.CD,Niger,NER,3512356507.88599,2241753192.81158,10862943543.5419,9683867926.44282,10398861981.7583,11185104251.6943,12837307496.8821,12889555561.2299,13744653103.058,14915002436.069,15433852712.2963,16819170420.5653
GDP (current US$),NY.GDP.MKTP.CD,Nigeria,NGA,54035795387.8086,69171451627.2465,574183763411.508,493026682800.63,404649125252.16,375745731053.427,421739251509.08,474517490844.461,432198898467.795,440833635873.827,477403400101.174,363846332834.618
GDP (current US$),NY.GDP.MKTP.CD,North Macedonia,MKD,4699646643.10954,3772859034.20508,11362265252.778,10064519962.5655,10672467073.2873,11307067069.6658,12683068114.2388,12606338448.547,12361036913.8409,14000283827.0154,13932436550.0883,15763621848.115
GDP (current US$),NY.GDP.MKTP.CD,Northern Mariana Islands,MNP,..,..,832000000,910000000,1230000000,1560000000,1301000000,1179000000,866000000,914000000,1096000000,..
GDP (current US$),NY.GDP.MKTP.CD,Norway,NOR,119791843059.572,171457201935.968,501736471832.848,388159512245.53,370956547619.048,401745275035.261,439788625883.8,408742840909.091,367633418886.627,503367986030.268,593726965415.619,485310823603.662
GDP (current US$),NY.GDP.MKTP.CD,Oman,OMN,13310273081.9246,22259557867.3602,92699089726.9181,78710793237.9714,75128738621.5865,80856697009.1027,91505851755.5267,88060858257.4772,75909492847.8544,87323797139.1417,111943823146.944,108810923276.983
GDP (current US$),NY.GDP.MKTP.CD,Pakistan,PAK,40010423970.4576,99484802344.5277,271390474857.632,299963590534.773,313630000130.435,339205534861.1,356128166704.921,320909472770.669,300425609817.981,348516647445.148,374890295666.694,337912301397.727
GDP (current US$),NY.GDP.MKTP.CD,Palau,PLW,97702303,149535800,243156484.375,278824781.25,298323500,285600000,288546281.25,281941562.5,258990843.75,235752906.25,255591062.5,281849062.5
GDP (current US$),NY.GDP.MKTP.CD,Panama,PAN,6433967000,11966497000,51427104900,55767806100,59760858700,64327688800,67316471200,69778991200,57059846500,67396392500,76276116700,83318176900
GDP (current US$),NY.GDP.MKTP.CD,Papua New Guinea,PNG,3219729083.06487,3521339699.07407,23210823987.308,21723437010.0982,20758876952.6232,22742699138.356,24109780708.0268,24750626040.5917,23848447849.7467,26109413522.3081,31647277767.3976,30729242919.4411
GDP (current US$),NY.GDP.MKTP.CD,Paraguay,PRY,5812114523.01187,8855705139.55857,40377929295.6419,36211447840.0971,36089700222.9461,38997129473.5558,40225448340.6322,37925338329.1494,35432178068.1814,39950899938.7482,41952910858.0846,42956263543.9482
GDP (current US$),NY.GDP.MKTP.CD,Peru,PER,26410386962.8019,51744749133.213,200786250582.943,189802976285.619,191898104390.379,211007984080.911,222597009739.235,228346006003.648,201409694755.934,226354278280.885,246488757636.211,267603248655.253
GDP (current US$),NY.GDP.MKTP.CD,Philippines,PHL,50508286641.5746,83669788254.7279,297483555344.802,306445871246.718,318627003012.52,328480736798.792,346841896583.515,376823402244.928,361751145451.597,394087359848.11,404353369604.631,437146372729.942
GDP (current US$),NY.GDP.MKTP.CD,Poland,POL,65977748210.5263,172953527033.013,542134167178.627,480054118583.367,473259583969.643,528356676667.211,594616687350.017,602683770144.88,605914237903.742,689170230665.35,695607470875.276,809200697797.088
GDP (current US$),NY.GDP.MKTP.CD,Portugal,PRT,78713860216.5659,118605192877.388,230078616299.675,199038523119.639,206305431241.638,220862990767.229,242092894542.888,240115970063.019,229618773422.577,256055879091.139,256898675068.927,289114289663.542
GDP (current US$),NY.GDP.MKTP.CD,Puerto Rico,PRI,30603919000,61701800000,102445800000,103375500000,104336700000,103445500000,100958100000,105126400000,103130900000,106426600000,113567200000,117902300000
GDP (current US$),NY.GDP.MKTP.CD,Qatar,QAT,7360439423.07692,17759890109.8901,206224598571.429,161739955576.923,151732181868.132,161099122225.275,183334953818.681,176371267689.082,144411363345.27,179732009554.846,235709325708.341,213002809330.267
GDP (current US$),NY.GDP.MKTP.CD,Romania,ROU,38247882300.4904,37253739511.1273,199722319675.741,177885131240.315,185290759248.844,210147385855.419,243468683030.34,251677082534.495,252033792712.145,286578196368.297,296354358293.475,350775856415.189
GDP (current US$),NY.GDP.MKTP.CD,Russian Federation,RUS,517014446227.929,259710142196.943,2059241589895.01,1363482182197.71,1276786350881.14,1574199360089,1657328773461.31,1693115002708.32,1493075894362.14,1843392293734.38,2266029240645.34,2021421476035.42
GDP (current US$),NY.GDP.MKTP.CD,Rwanda,RWA,2550185679.08109,2068836754.37431,8238966063.86692,8543759677.58157,8695272300.91019,9252834336.49492,9637904655.17446,10349300380.33,10174387374.3478,11069280649.6459,13316160895.0447,14097768472.1883
GDP (current US$),NY.GDP.MKTP.CD,Samoa,WSM,125766269.755358,258856139.798489,796683519.593842,824150498.653536,843924796.697421,884844384.463214,878448433.404342,912950466.064906,868898358.266437,843923638.733018,832945205.637185,938189443.830393
GDP (current US$),NY.GDP.MKTP.CD,San Marino,SMR,..,1007661366.66959,1673911426.17254,1419401070.56043,1468343139.74326,1528620346.31168,1655353653.05934,1616232125.12587,1544714493.24409,1855395999.76534,1831700577.08904,..
GDP (current US$),NY.GDP.MKTP.CD,Sao Tome and Principe,STP,119298002.117477,76198394.8202671,293119143.246825,259999643.047388,292267272.196925,322002845.229335,383717327.830508,412976082.620705,471229484.607144,524402455.54816,540809499.189348,678976264.835436
GDP (current US$),NY.GDP.MKTP.CD,Saudi Arabia,SAU,117630173564.753,189514933333.333,766605866666.667,669484266666.667,666000000000,714994666666.667,846583733333.333,838564800000,734271200000,874156000000,1108571466666.67,1067582933333.33
GDP (current US$),NY.GDP.MKTP.CD,Senegal,SEN,7390967360.42121,6013185003.97525,19797253440.2679,17774766696.1759,19040312333.1864,20996562943.5979,23116701556.1381,23403995992.1354,24530513037.7518,27520784129.7508,27619479059.6131,30848333083.7055
GDP (current US$),NY.GDP.MKTP.CD,Serbia,SRB,..,7326373882.11044,49114321280.3466,41297410634.9586,42225495909.5633,45972834713.8077,52787520248.9242,53864693664.5568,55874017668.998,66159884072.5308,66797564758.339,81342660752.3732
GDP (current US$),NY.GDP.MKTP.CD,Seychelles,SYC,392163560.868669,654212394.27164,1387577870.08161,1432403352.12944,1568513348.14463,1675370641.01416,1784313926.76807,1868690096.73454,1382551751.56908,1487173794.80528,2057968519.83091,2141450171.13932
GDP (current US$),NY.GDP.MKTP.CD,Sierra Leone,SLE,649644826.800447,635866403.776065,7845456215.27807,6651626733.64854,6042615859.61074,5818480351.63706,6390514688.52816,6523577590.38319,6688594757.62129,7165214367.64956,7119137321.90082,6411869546.28929
GDP (current US$),NY.GDP.MKTP.CD,Singapore,SGP,36144336768.7023,96076539925.7409,314863580758.455,307998545269.398,319053943915.005,343257164581.712,376892697588.005,376901649222.451,349488382610.662,434111559282.849,498474540987.78,501427500080.059
GDP (current US$),NY.GDP.MKTP.CD,Sint Maarten (Dutch part),SXM,..,..,1361811508.37989,1417888715.0838,1427017206.70391,1353212122.90503,1259200446.92737,1407880446.92737,1236428100.55866,1353071061.45251,1537088715.0838,1627776949.27374
GDP (current US$),NY.GDP.MKTP.CD,Slovak Republic,SVK,12915046978.1615,29215726004.7765,101713075598.862,89178548717.3324,90347173228.6356,95978130734.9766,106611673364.837,105843498304.094,107732602896.441,120592216208.386,115928615553.286,132908336234.295
GDP (current US$),NY.GDP.MKTP.CD,Slovenia,SVN,19832029087.1272,20159190701.6789,49514466379.6057,42709468274.8137,44290685824.0682,48153200134.6613,53689067639.9176,53909922735.545,53384760135.1581,61529280461.092,59927702746.2843,69148468417.3208
GDP (current US$),NY.GDP.MKTP.CD,Solomon Islands,SLB,214877666.846068,419842674.227652,1335571420.72676,1307909887.55212,1379490304.2254,1469789119.08756,1615478393.28614,1619155017.3924,1536145814.17007,1522794913.0914,1566360686.10632,1633319401.19414
GDP (current US$),NY.GDP.MKTP.CD,Somalia,SOM,1031282081.16683,3412797450.20112,5728399710.56333,6152149080.00168,6613743089.99932,7621501720.00021,7873440838.36559,8655023960.002,8628393719.99922,9483997404.25227,10202767269.9603,10968517090.0004
GDP (current US$),NY.GDP.MKTP.CD,South Africa,ZAF,126048140141.869,151752757215.309,381198869776.106,346709790458.563,323585509674.481,381448814653.456,405260723892.517,389330032224.269,337974655408.055,420886877628.703,406920004594.074,380699271814.508
GDP (current US$),NY.GDP.MKTP.CD,South Sudan,SSD,..,..,13962212847.4576,11997800760.2242,..,..,..,..,..,..,..,..
GDP (current US$),NY.GDP.MKTP.CD,Spain,ESP,536175326477.31,598102854756.08,1380244561361.96,1206164777553.12,1243015667917.12,1321754088818.83,1431642809327.06,1403496387686.27,1289783836971.21,1461244901852.69,1446498147749.03,1620090734956.89
GDP (current US$),NY.GDP.MKTP.CD,Sri Lanka,LKA,8032551173.24014,16330814179.9766,82528535713.926,85140955388.8509,88012282205.8357,94376237797.2367,94493871200.7869,89014978344.1404,84304298770.5329,88609324901.9774,74144870023.4244,84356863743.6335
GDP (current US$),NY.GDP.MKTP.CD,St. Kitts and Nevis,KNA,217259259.259259,421695769.843918,952111111.111111,957222222.222222,1006818518.51852,1056977777.77778,1076548148.14815,1107855555.55556,883922222.222222,858622222.222222,981429629.62963,1055499777.77778
GDP (current US$),NY.GDP.MKTP.CD,St. Lucia,LCA,579629629.62963,932592592.592592,1749185185.18518,1807629629.62963,1868555555.55556,1998518518.51852,2060962962.96296,2095370370.37037,1499296296.2963,1867185185.18518,2342703703.7037,2430148148.14815
GDP (current US$),NY.GDP.MKTP.CD,St. Martin (French part),MAF,..,..,772921958.529509,..,..,..,..,652206037.103874,..,649206262.847519,..,..
GDP (current US$),NY.GDP.MKTP.CD,St. Vincent and the Grenadines,VCT,240366666.666667,427946037.037037,770900000,786555555.555555,814303703.703704,844040740.740741,884329629.62963,910766666.666667,869111111.111111,872225925.925926,966492592.592592,1065962962.96296
GDP (current US$),NY.GDP.MKTP.CD,Sudan,SDN,33641222222.2222,12257299147.2936,49516748617.9775,51726758676.7677,42630376000,41283617976.1905,32333780383.2924,32338079165.2893,27034593750,34229513774.9936,51666875363.0963,109265503110.904
GDP (current US$),NY.GDP.MKTP.CD,Suriname,SUR,388400000,947671969.69697,5240606060.60606,5126237646.22072,3317421648.09918,3591679430.99988,3996198866.57453,4016040575.08796,2911807496.20227,3107923197.96954,3791603200.0259,3455146280.83975
GDP (current US$),NY.GDP.MKTP.CD,Sweden,SWE,261469578630.804,262905197441.662,577730245154.162,501698263620.663,514218206628.325,536083940228.684,551312498430.164,532169294165.94,545147614972.141,637186904843.636,579895717343.956,584960475767.32
GDP (current US$),NY.GDP.MKTP.CD,Switzerland,CHE,265763573999.424,279216033870.204,726537808338,694118186379.628,687895460902.713,695200833086.499,725568717468.001,721369112726.724,741999406005.627,813408787222.499,818426550206.45,884940402230.409
GDP (current US$),NY.GDP.MKTP.CD,Syrian Arab Republic,SYR,12308624417.8268,18937052543.4373,21502061465.9498,16466863117.0009,12597854877.4254,16369843352.3453,21497782867.6426,22583045060.0821,12047752036.091,14353205678.4991,23622827079.5047,..
GDP (current US$),NY.GDP.MKTP.CD,Tajikistan,TJK,2629395066.27017,860541842.263697,9112605459.32845,8271431485.07484,6992416096.89018,7536402852.85802,7764999999.45362,8300813599.3084,8133963550.65742,8937805347.13963,10713525200.3998,12060602008.8478
GDP (current US$),NY.GDP.MKTP.CD,Tanzania,TZA,6184384225.02712,13371767081.7428,49986726460.6805,47413919817.124,49774409374.4538,53274884532.7886,57003712892.0858,61026731925.9213,66068737786.0639,70655628147.8986,75769974505.0106,79062403820.892
GDP (current US$),NY.GDP.MKTP.CD,Thailand,THA,85343190719.0107,126392224253.794,407339040197.651,401296238228.084,413366349747.508,456356813536.764,506754208404.485,543976691793.886,500461898480.246,506256494297.34,495645210972.751,514968699239.005
GDP (current US$),NY.GDP.MKTP.CD,Timor-Leste,TLS,128210142,366924300,1447535200,1590282400,1640464600,1584878400,1555988600,2032550400,2162619200,3624889700,3208594000,2079916900
GDP (current US$),NY.GDP.MKTP.CD,Togo,TGO,2299665505.61434,2106848752.27753,6393318261.82712,5755461035.38026,6071170959.12093,6387422517.69225,7029300383.08031,6992700101.37188,7400284167.78479,8342243645.94438,8169476148.95692,9171261837.57103
GDP (current US$),NY.GDP.MKTP.CD,Tonga,TON,113563821.577404,204848470.149169,440997738.014078,437525514.240726,420828262.317922,459976850.268529,489714518.002333,494197841.113077,496856295.76752,518228012.09129,518180042.241509,..
GDP (current US$),NY.GDP.MKTP.CD,Trinidad and Tobago,TTO,5068000000,8154342116.10311,29697674913.5408,27026750552.9647,23722678429.8078,24040211327.4898,24569257295.0918,23775659262.5735,20807716174.0546,24496397204.7176,30053446092.0128,27372285697.9477
GDP (current US$),NY.GDP.MKTP.CD,Tunisia,TUN,12290568181.8182,21473528160.7782,50271812920.612,45779494041.9295,44360072680.4476,42163530590.9462,42686504459.801,41905642418.825,42491780918.361,46812290143.344,44579761022.8993,48529595416.6533
GDP (current US$),NY.GDP.MKTP.CD,Turkiye,TUR,150655500191.644,274294623164.043,938934609296.966,864313810469.009,869682881593.041,858988492853.742,778972108040.602,761005915750.925,720338490327.248,819865223976.115,907118434653.505,1118252964260.77
GDP (current US$),NY.GDP.MKTP.CD,Turkmenistan,TKM,3189539641.3171,2904663310.9825,43524210526.3158,35799714285.7143,36169428571.4286,37926285714.2857,40765428571.4286,45232857142.8571,45818000000,50007428571.4286,58972000000,60628857142.8571
GDP (current US$),NY.GDP.MKTP.CD,Turks and Caicos Islands,TCA,..,..,841070000,942070000,1032452000,1028941663.2,1128749004.5304,1177285211.72521,774653669.315186,1045782453.5755,1228794382.95121,1402054390.94734
GDP (current US$),NY.GDP.MKTP.CD,Tuvalu,TUV,9542900.90136505,15073975.5349377,38760982.6540096,36811936.0824587,41629064.2232388,45276595.3533146,48015259.8751356,54123198.5662913,51746594.3148543,60196405.7138393,59065982.0873657,62280311.5852172
GDP (current US$),NY.GDP.MKTP.CD,Uganda,UGA,4304399310.30967,6193246837.09687,32612397257.4458,32387183730.1002,29203988696.2626,30744473841.424,32927025619.6795,35348155095.4215,37600368241.6657,40529788748.6737,45565333210.9108,48768955863.3175
GDP (current US$),NY.GDP.MKTP.CD,Ukraine,UKR,81393558423.4406,32375083934.8241,133503871861.723,91030967789.0717,93355869403.9223,112090505081.739,130891088293.55,153883047509.577,156617722013.342,199765859570.935,161989520721.19,178757021965.008
GDP (current US$),NY.GDP.MKTP.CD,United Arab Emirates,ARE,50701443748.2975,104337372362.151,414105366758.911,370275469560.166,369255326235.771,390516804016.501,427049432149.345,417989721734.494,349473015336.939,415178792769.884,502731935197.487,514130432653.081
GDP (current US$),NY.GDP.MKTP.CD,United Kingdom,GBR,1093169389204.55,1665534876683.31,3064708247921.43,2927911140916.73,2689106566899.61,2680148052335.3,2871340347581.79,2851407164907.81,2696778386607.65,3143323050707.26,3114042471144.39,3380854520809.54
GDP (current US$),NY.GDP.MKTP.CD,United States,USA,5963144000000,10250952000000,17608138000000,18295019000000,18804913000000,19612102000000,20656516000000,21539982000000,21354105000000,23681171000000,26006893000000,27720709000000
GDP (current US$),NY.GDP.MKTP.CD,Uruguay,URY,9298807850.29979,22823270892.1094,61496186973.902,57680327998.6689,57480788390.2581,65006039994.56,65344576348.2279,62222325807.0578,53668636567.8667,60760798595.5436,70164683290.3776,77240830877.4597
GDP (current US$),NY.GDP.MKTP.CD,Uzbekistan,UZB,13362340337.8657,13760513969.314,80845385809.4529,86196264755.3105,86138288644.171,69703222282.7278,58695899092.1083,67293639798.3996,66443265418.3086,77340060003.0347,90095926567.4359,101591769702.343
GDP (current US$),NY.GDP.MKTP.CD,Vanuatu,VUT,168879207.244148,272014627.835262,772315983.81843,730870802.967051,780889605.899977,880061833.690341,914736985.430944,936526267.622513,909421043.508407,950394006.532514,1022219297.50335,1126313359.21923
GDP (current US$),NY.GDP.MKTP.CD,"Venezuela, RB",VEN,48606952194.7752,117146466002.661,482359318767.703,..,..,..,..,..,..,..,..,..
GDP (current US$),NY.GDP.MKTP.CD,Viet Nam,VNM,6471740805.56984,31172518403.3162,233451469642.519,239258328381.741,257096001177.982,281353605986.903,310106478394.659,334365270496.667,346615738537.796,366474752771.009,410324028883.325,429716969043.572
GDP (current US$),NY.GDP.MKTP.CD,Virgin Islands (U.S.),VIR,..,..,3565000000,3663000000,3798000000,3794000000,3923000000,4121000000,4229000000,4507000000,4672000000,..
GDP (current US$),NY.GDP.MKTP.CD,West Bank and Gaza,PSE,..,4313600000,13989700000,13972400000,15405400000,16128000000,16276600000,17133500000,15531700000,18109000000,19165500000,17420800000
GDP (current US$),NY.GDP.MKTP.CD,"Yemen, Rep.",YEM,12643821568.9626,9679316770.18633,43228585321.3272,42444489522.2303,31317824943.2073,26842228828.5629,21606160783.9845,..,..,..,..,..
GDP (current US$),NY.GDP.MKTP.CD,Zambia,ZMB,3288381797.32415,3600632111.41414,27141023558.0829,21251216798.7762,20958412538.3093,25873601260.8353,26311507273.6735,23308667781.2258,18137764930.651,22096416932.0089,29163782140.4858,27577956471.244
GDP (current US$),NY.GDP.MKTP.CD,Zimbabwe,ZWE,8783816700,6689957600,19495519600,19963120600,20548678100,51074660513.3715,34156069918.0609,25717409842.4479,26867936444.6826,27240515108.8049,32789751736.3323,35231367885.8554
GDP (current US$),NY.GDP.MKTP.CD,Africa Eastern and Southern,AFE,256512313442.55,287201650974.243,978708260612.874,898277807343.005,828942805457.755,972998927353.678,1012306000425.25,1009721174054.91,933391782089.617,1085745178850.97,1191423176242.96,1245472471675.95
GDP (current US$),NY.GDP.MKTP.CD,Africa Western and Central,AFW,123711320874.115,142140075688.035,897415713447.017,771766914345.161,694360980069.456,687849196676.202,770494988148.76,826483769985.129,789801651563.294,849312422223.205,883973910898.854,799105950273.831
GDP (current US$),NY.GDP.MKTP.CD,Arab World,ARB,641712235219.388,763411636190.425,2905651795199.09,2544700996740.79,2500823407237.94,2572203993723.9,2867348492603.59,2899029698316.64,2562783626987.73,2969239218342.03,3609805711776.49,3512421040998.19
GDP (current US$),NY.GDP.MKTP.CD,Caribbean small states,CSS,8505740261.29832,17471510858.4906,34129544764.2666,35085992997.3327,33933421225.4017,35438120141.0662,36727457619.9835,38046955433.6011,31763210392.7783,37091445807.6818,48740490013.1088,53296161046.3074
GDP (current US$),NY.GDP.MKTP.CD,Central Europe and the Baltics,CEB,272002770512.834,429355161034.99,1467438523591.87,1297123697168.52,1321226675267.44,1467424389927.92,1657633874968.79,1685123570509.08,1678756939339.66,1926804401016.02,1955925827813.51,2267760561102.28
GDP (current US$),NY.GDP.MKTP.CD,Early-demographic dividend,EAR,1916507382316.01,3377596807804.83,10776375021903.6,10246602222996.3,10547190614053,11448641742933.2,11610507701898.7,11834959859719.9,11006437195990.5,12811302058068.8,14147623772391.9,14945896099125.4
GDP (current US$),NY.GDP.MKTP.CD,East Asia & Pacific,EAS,4793478723956.3,8377973566013.96,22094710753929.9,22000917165875.9,22781793863032,24334957894980.2,26494505143186.8,27040135154758.5,27163485040463.8,31155716955057.3,30673443320595.9,30780176881541.3
GDP (current US$),NY.GDP.MKTP.CD,East Asia & Pacific (excluding high income),EAP,666707042108.965,1736183129453.76,12805534721608.4,13329363887708.5,13621109083386.3,14888272499556.8,16648930593614.8,17222812070662.6,17496305186280.5,20849863760041.9,21124945071215.4,21162836277192.4
GDP (current US$),NY.GDP.MKTP.CD,East Asia & Pacific (IDA & IBRD countries),TEA,666023595158.793,1734180675232.75,12789805601859.2,13312998658413,13604410103345.8,14869982084029,16628455562440.2,17201604143343.6,17474730731538.4,20824108313726.3,21098845523342.9,21136712800814.7
GDP (current US$),NY.GDP.MKTP.CD,Euro area,EMU,5905615268334.65,6528628818219.35,13683290663997.8,11828599572765.3,12124585812206.7,12839881576234.5,13867949267318.1,13587020300289.4,13266857904728,14917737268178.2,14452048668851,15780686672317.3
GDP (current US$),NY.GDP.MKTP.CD,Europe & Central Asia,ECS,8870724540299.07,10077566274954.8,23897449147365,20583236057318.3,20511321020005.8,21765864936203.9,23306311175509.3,23031892537932.9,22286624242751.4,25523993209132.2,25662572829777.2,27554069781140.1
GDP (current US$),NY.GDP.MKTP.CD,Europe & Central Asia (excluding high income),ECA,358223680903.313,390704738797.439,1731766323586.51,1509288407449.5,1448928141199.81,1494523919239.57,1468176944855.79,1498314054530.37,1437142037120.74,1670340541088.6,1817978495944.86,2129704371516.14
GDP (current US$),NY.GDP.MKTP.CD,Europe & Central Asia (IDA & IBRD countries),TEC,1024758090446.8,895734227991.983,4649634327324.24,3632527035829.26,3490883944149.38,3922723280455.31,4091548485168.69,4175889218401.02,3916846154218.45,4642906015416.13,5237811052696.8,5497903850286.88
GDP (current US$),NY.GDP.MKTP.CD,European Union,EUU,6505585894983.6,7288425137833.71,15764812909324.1,13655089869785.3,13990270946691.6,14870065692850.4,16091487781135.5,15808398315797,15504700009593,17496551469916.3,16995332000257.8,18590720056635.3
GDP (current US$),NY.GDP.MKTP.CD,Fragile and conflict affected situations,FCS,547420521771.171,468035912008.33,2052980592421.38,1616325901440.2,1489694054525.15,1588837232239.02,1734689832167.02,1842632114099.19,1675406927630.4,1786326958459.63,1964841634349.73,1937937125126.32
GDP (current US$),NY.GDP.MKTP.CD,Heavily indebted poor countries (HIPC),HPC,166146287281.021,181381054438.024,696365651505.557,668868898578.296,675915287466.174,726226122250.308,776506227119.833,805115217775.604,813139899187.275,905796942446.21,983601535350.123,1129946910802.31
GDP (current US$),NY.GDP.MKTP.CD,High income,HIC,19577060915733,28051786134447,53424933265987.3,49875503824324.9,50840864613079.3,53443174098147.7,56793957781697.4,57351008372783,55946257620086.9,62737887026890,64961263426035.5,68276492853979.9
GDP (current US$),NY.GDP.MKTP.CD,IBRD only,IBD,3719671037688.34,5873152773879.72,27596836842386.5,25841079101004.8,26032663404168.6,28752304968945.4,30653934094282.1,31298751631398.9,30114868724300.2,35763964842420.9,37711987599830.9,38789302232983.5
GDP (current US$),NY.GDP.MKTP.CD,IDA & IBRD total,IBT,4098198620349.73,6391423006086.92,29817424804408.4,28002742765817.7,28185625931332.7,31021018298163.5,33059072280457.1,33801024892359.5,32566020356731.5,38431269006646.3,40596809224874.1,41669008262158.8
GDP (current US$),NY.GDP.MKTP.CD,IDA blend,IDB,148219580589.031,227751012596.487,1115645612713.81,1058990581097.27,987290516597.472,1012161782023.07,1066719614873.96,1092770923537.26,1024076691136.99,1114246944908.41,1208339576445.76,1068437562493.42
GDP (current US$),NY.GDP.MKTP.CD,IDA only,IDX,232316192604.143,291563016615.709,1104942349308.09,1101364851760.27,1164586861090.4,1256380740527.56,1338364722234.58,1409009216106.54,1426190711693.48,1554300772461.72,1677113352089.33,1814046621127.36
GDP (current US$),NY.GDP.MKTP.CD,IDA total,IDA,379306304039.89,518692130946.017,2220587962021.9,2160355432857.54,2151877377687.87,2268542522550.63,2405084337108.54,2501780139643.8,2450267402830.47,2668547717370.14,2885452928535.1,2880514996348.02
GDP (current US$),NY.GDP.MKTP.CD,Late-demographic dividend,LTE,2045122711297.06,3414598526583.51,19788146929460.2,18565287346572.2,18605453840467.4,20647673102305.8,22641256363718.2,23070237789791.1,22553187301005.7,26910414198858.4,28079439418908.5,28348483457826.9
GDP (current US$),NY.GDP.MKTP.CD,Latin America & Caribbean,LCN,1182930524066.3,2326949294888.47,6485373197518.46,5420625373878.58,5285772978074.74,5869256493740.25,5743189791995.49,5659312361702.86,4805510770575.42,5581050600056.69,6344871239270.21,7100142198622.08
GDP (current US$),NY.GDP.MKTP.CD,Latin America & Caribbean (excluding high income),LAC,1037523427942.48,2001500299076.34,5457302168714.06,4634562623756.21,4496975105252.45,5012882938385.35,4870399736155.19,4803447002170.21,4047055896231.79,4693445308215.29,5393055179435.18,6057469575864.84
GDP (current US$),NY.GDP.MKTP.CD,Latin America & the Caribbean (IDA & IBRD countries),TLA,1114528208752.83,2214459641327.38,6273011910093.31,5197174644055.66,5056165834541.36,5634727349358.65,5506624568680.82,5413333286802.23,4561922258737.73,5313451270078.42,6049066571917.19,6779682191342.68
GDP (current US$),NY.GDP.MKTP.CD,Least developed countries: UN classification,LDC,192395342995.943,224233567061.664,966978332799.04,928550888249.754,944491633292.867,1033695604881.9,1100880284264.85,1161861647680.34,1172746068478.78,1280236397797.18,1436387716073.31,1516988544645.35
GDP (current US$),NY.GDP.MKTP.CD,Low & middle income,LMY,3356800445065.41,5680763266228.64,26112983016936.2,25336686257692.4,25597069953897.6,27987406037838.3,29791620278516.9,30495388425380.4,29521428086822.8,34778125922181.4,36465232446694.9,37533765909928
GDP (current US$),NY.GDP.MKTP.CD,Low income,LIC,131926909744.352,123884077543.315,424194789310.296,417756953873.849,385206512173.903,403454290228.211,420211435774.79,447114593744.199,442702142538.409,474823152496.384,547199942824.131,663529162731.73
GDP (current US$),NY.GDP.MKTP.CD,Lower middle income,LMC,739096952809.717,1185565463800.71,5095594685380.32,5089665684079.03,5304010748630.26,5741380409466.09,5994118980886.44,6298712117939.3,6102312002456.38,6911861585177.34,7371395678679.62,7439509140290.38
GDP (current US$),NY.GDP.MKTP.CD,Middle East & North Africa,MEA,794199685774.896,995464425139.515,3630927628679.66,3202944332228.42,3236195108878.52,3375978495033.31,3608662545371.1,3598454815841.46,3207935509914.13,3807870128264.03,4475708600082.35,4320566779119.19
GDP (current US$),NY.GDP.MKTP.CD,Middle East & North Africa (excluding high income),MNA,518825156518.85,474549193839.263,1627891415604.2,1461561543238.17,1497802787590.82,1499230386761.12,1490670888640.86,1480176106051.1,1328872852321.83,1552753180082.25,1741921040109.65,1671174615296.29
GDP (current US$),NY.GDP.MKTP.CD,Middle East & North Africa (IDA & IBRD countries),TMN,514026803780.2,470235593839.263,1613901715604.2,1447589143238.17,1482397387590.82,1483102386761.12,1474394288640.86,1463042606051.1,1313341152321.83,1534644180082.25,1722755540109.65,1653767249808.37
GDP (current US$),NY.GDP.MKTP.CD,Middle income,MIC,3231689566783.76,5558375094721.75,25689911901559.8,24920281496336.6,25211666179811.9,27582983999112,29369986143573,30047537869971.5,29078432184056.7,34301140512398.2,35917683987563.7,36878123654872.8
GDP (current US$),NY.GDP.MKTP.CD,North America,NAC,6560811991360.99,10999205634931.6,19420301866439.9,19858182357217.1,20339807652907.4,21268509960244.1,22389071169783,23291130648672.5,23016676877000.2,25695929788464.2,28176204349422,29871321614401.4
GDP (current US$),NY.GDP.MKTP.CD,Not classified,INX,..,..,..,..,..,..,..,..,..,..,..,..
GDP (current US$),NY.GDP.MKTP.CD,OECD members,OED,18842951847841,27681866522254.6,50499381482768,47636457096446.7,48559828241457.3,50712039895145.1,53631765536033.4,54179480252802.3,53000805354035.6,59169601457959.2,60691333186116.5,64746562052056.7
GDP (current US$),NY.GDP.MKTP.CD,Other small states,OSS,36474622945.559,56448952736.3431,169820928102.057,153632608575.652,161593008996.136,180001729452.633,197102680977.388,198507093590.896,181482110538.085,212298327078.213,228425738381.928,241086470734.391
GDP (current US$),NY.GDP.MKTP.CD,Pacific island small states,PSS,2385132399.14983,3448150246.84802,9288783801.35976,9074649391.96106,9525520080.33572,10283468243.8642,10792829234.1568,10712120523.0197,9516738321.20753,9552334875.22912,10339409999.0409,11150695760.1484
GDP (current US$),NY.GDP.MKTP.CD,Post-demographic dividend,PST,18443052180870.9,26410348658112.3,47311356272211.7,44758282965210.2,45784246912395.9,47755722593425.5,50598120095740.8,51134888557957.7,50140842033868,55828871385191,57066750903167.4,60485245420468.7
GDP (current US$),NY.GDP.MKTP.CD,Pre-demographic dividend,PRE,396642866678.39,282737138649.387,1537557538527.65,1307394890871.02,1164559628316.47,1216069300642.79,1355249022128.48,1428927764664.17,1311363780282.47,1439355516489.74,1647527579588.04,1566942319113.72
GDP (current US$),NY.GDP.MKTP.CD,Small states,SST,47317168944.0659,77368613841.6817,213239256667.684,197793250964.946,205051950301.873,225723317837.563,244622967831.528,247266169547.517,222762059252.071,258942107761.124,287505638394.077,305546743662.392
GDP (current US$),NY.GDP.MKTP.CD,South Asia,SAS,406963354249.841,647681666329.099,2614947275467.62,2733651859001.15,3011071812937.53,3433921311742.89,3534066859804.7,3658209765835.5,3493120726808.9,4079874340683.1,4327392880815.64,4494987381110.1
GDP (current US$),NY.GDP.MKTP.CD,South Asia (IDA & IBRD),TSA,406963354249.841,647681666329.099,2614947275467.62,2733651859001.15,3011071812937.53,3433921311742.89,3534066859804.7,3658209765835.5,3493120726808.9,4079874340683.1,4327392880815.64,4494987381110.1
GDP (current US$),NY.GDP.MKTP.CD,Sub-Saharan Africa,SSF,379311825675.495,428340828932.008,1876123974059.89,1670044721688.17,1523303785527.21,1660848124029.88,1782800988574.01,1836204944040.04,1723193433652.91,1935057601074.18,2075397087141.81,2044578421949.78
GDP (current US$),NY.GDP.MKTP.CD,Sub-Saharan Africa (excluding high income),SSA,378918407182.619,427682851353.883,1874736396189.81,1668612318336.04,1521735272179.07,1659172753388.87,1781016674647.24,1834336253943.3,1721810881901.34,1933570427279.37,2073339118621.98,2042436971778.64
GDP (current US$),NY.GDP.MKTP.CD,Sub-Saharan Africa (IDA & IBRD countries),TSS,379311825675.495,428340828932.008,1876123974059.89,1670044721688.17,1523303785527.21,1660848124029.88,1782800988574.01,1836204944040.04,1723193433652.91,1935057601074.18,2075397087141.81,2044578421949.78
GDP (current US$),NY.GDP.MKTP.CD,Upper middle income,UMC,2492583798305.06,4372777700546.36,20594317216179.5,19830615812257.5,19907655431181.7,21841603589645.9,23375867162686.5,23748825752032.2,22976120181600.3,27390623700501,28547068404946.9,29440021018933.5
GDP (current US$),NY.GDP.MKTP.CD,World,WLD,22987402273855.3,33855853033266.6,80020337644636.2,75472473882835.1,76702553625899.1,81712043350515.4,86884839554431.5,88149850742945.9,85763013427792.9,97848299706454.8,101770911729948,106171667873321
,,,,,,,,,,,,,,,
,,,,,,,,,,,,,,,
,,,,,,,,,,,,,,,
Data from database: World Development Indicators,,,,,,,,,,,,,,,
Last Updated: 12/16/2024,,,,,,,,,,,,,,,
